/* [Compliance Service] - add_default_templates.ts */;
delete from [CMP_TEMPLATE];select @@rowcount;

insert into [CMP_TEMPLATE] ([created_by], [id], [name], [name_ar], [tenant_id], [updated_by]) values ('SYSTEM', '4b416fb1-b845-450f-8af7-65b84e62aa23', 'FATCA', 'FATCA AR', '9013C327-1190-4875-A92A-83ACA9029160', 'SYSTEM'), ('SYSTEM', '4c7c27f9-f6d1-4536-8be5-15002f4b7229', 'CRS', 'CRS AR', '9013C327-1190-4875-A92A-83ACA9029160', 'SYSTEM'), ('SYSTEM', 'c7e4bf91-8d44-4a8a-a61e-4fa603fa346e', 'KYC', 'KYC AR', '9013C327-1190-4875-A92A-83ACA9029160', 'SYSTEM');

insert into [CMP_SECTION] ([created_by], [id], [level], [name], [name_ar], [template_id], [tenant_id], [updated_by]) values ('SYSTEM', '7a7c4432-3907-40fc-81ed-d298f84d08ed', 'level 1', 'Template 1 Section 1', 'Template 1 Section 1', '4b416fb1-b845-450f-8af7-65b84e62aa23', '9013C327-1190-4875-A92A-83ACA9029160', 'SYSTEM'), ('SYSTEM', '9c6281e8-60c7-45d6-90fb-897b93c58817', 'level 2', 'Template 1 Section 2', 'Template 1 Section 2', '4b416fb1-b845-450f-8af7-65b84e62aa23', '9013C327-1190-4875-A92A-83ACA9029160', 'SYSTEM'), ('SYSTEM', '7294b6b3-1815-41fa-aeec-7048c73fab91', 'level 3', 'Template 1 Section 3', 'Template 1 Section 2', '4b416fb1-b845-450f-8af7-65b84e62aa23', '9013C327-1190-4875-A92A-83ACA9029160', 'SYSTEM'), ('SYSTEM', '8693a24f-01e9-4455-97aa-9a620867598f', 'level 1', 'Template 2 Section 1', 'Template 1 Section 2', '4c7c27f9-f6d1-4536-8be5-15002f4b7229', '9013C327-1190-4875-A92A-83ACA9029160', 'SYSTEM'), ('SYSTEM', 'b6398267-4801-4266-815e-71cccd1958da', 'level 2', 'Template 2 Section 2', 'Template 1 Section 2', '4c7c27f9-f6d1-4536-8be5-15002f4b7229', '9013C327-1190-4875-A92A-83ACA9029160', 'SYSTEM'), ('SYSTEM', 'f9fcfc21-f71c-4362-b3b9-a8ca1da74200', 'level 1', 'Template 3 Section 1', 'Template 1 Section 2', 'c7e4bf91-8d44-4a8a-a61e-4fa603fa346e', '9013C327-1190-4875-A92A-83ACA9029160', 'SYSTEM'), ('SYSTEM', 'f091f1cf-746e-4584-8b3e-7d39cc733080', 'level 2', 'Template 3 Section 2', 'Template 1 Section 2', 'c7e4bf91-8d44-4a8a-a61e-4fa603fa346e', '9013C327-1190-4875-A92A-83ACA9029160', 'SYSTEM'), ('SYSTEM', 'db8130cd-6482-4ec6-8a40-69231650e84e', 'level 3', 'What are the anticipated banking transactions on your account', 'What are the anticipated banking transactions on your account', '4b416fb1-b845-450f-8af7-65b84e62aa23', '9013C327-1190-4875-A92A-83ACA9029160', 'SYSTEM');

insert into [CMP_QUESTION] ([created_by], [id], [rules], [section_id], [tenant_id], [title], [title_ar], [type], [updated_by]) values ('SYSTEM', 'ee2bf349-2e22-4f89-a141-a698c798ade5', '{required: true}', '7a7c4432-3907-40fc-81ed-d298f84d08ed', '9013C327-1190-4875-A92A-83ACA9029160', 'Question 1', 'Question 1', 'checkbox', 'SYSTEM'), ('SYSTEM', '78d96294-d326-4924-9b1f-3c77bf9afca9', '{required: true}', '9c6281e8-60c7-45d6-90fb-897b93c58817', '9013C327-1190-4875-A92A-83ACA9029160', 'Question 2', 'Question 2', 'text', 'SYSTEM'), ('SYSTEM', 'b2d7034e-35eb-4d1e-95a4-4eb0052869e1', '{required: true}', '7294b6b3-1815-41fa-aeec-7048c73fab91', '9013C327-1190-4875-A92A-83ACA9029160', 'Question 3', 'Question 3', 'text', 'SYSTEM'), ('SYSTEM', 'ba777c60-9187-4f55-b522-1ee2b6c2a356', '{required: true}', '8693a24f-01e9-4455-97aa-9a620867598f', '9013C327-1190-4875-A92A-83ACA9029160', 'Question 4', 'Question 4', 'text', 'SYSTEM'), ('SYSTEM', 'bd05e64c-fb5e-4710-aefa-b632f0132bdd', '{required: true}', 'b6398267-4801-4266-815e-71cccd1958da', '9013C327-1190-4875-A92A-83ACA9029160', 'Question 5', 'Question 5', 'text', 'SYSTEM'), ('SYSTEM', 'd088d793-66f8-4e15-91c4-4cc2baa6ff6b', '{required: true}', 'f9fcfc21-f71c-4362-b3b9-a8ca1da74200', '9013C327-1190-4875-A92A-83ACA9029160', 'Question 6', 'Question 6', 'text', 'SYSTEM'), ('SYSTEM', '86791a98-89dc-48cb-997a-132763070c02', '{required: true}', 'f091f1cf-746e-4584-8b3e-7d39cc733080', '9013C327-1190-4875-A92A-83ACA9029160', 'Question 7', 'Question 7', 'text', 'SYSTEM'), ('SYSTEM', 'aea428c2-76af-4083-8a88-5169d5c8f772', '{required: true}', 'db8130cd-6482-4ec6-8a40-69231650e84e', '9013C327-1190-4875-A92A-83ACA9029160', 'Cash Deposit', 'Cash Deposit', 'radio button', 'SYSTEM'), ('SYSTEM', 'eb306af9-ce57-4789-b981-ece85fcbd05e', '{required: true}', 'db8130cd-6482-4ec6-8a40-69231650e84e', '9013C327-1190-4875-A92A-83ACA9029160', 'Cash Withdrawl', 'Cash Withdrawl', 'radio button', 'SYSTEM'), ('SYSTEM', 'a4b21a27-df28-42c8-9ff9-abcfb5d99227', '{required: true}', 'db8130cd-6482-4ec6-8a40-69231650e84e', '9013C327-1190-4875-A92A-83ACA9029160', 'Cheque Deposit', 'Cash Withdrawl', 'radio button', 'SYSTEM'), ('SYSTEM', 'c37e8d30-e06c-4fc4-858a-222719e415c7', '{required: true}', 'db8130cd-6482-4ec6-8a40-69231650e84e', '9013C327-1190-4875-A92A-83ACA9029160', 'Internal Transfers to KFHB Accounts', 'Internal Transfers to KFHB Accounts', 'radio button', 'SYSTEM'), ('SYSTEM', '98dc620e-1454-4e9f-9422-8f2596b96013', '{required: true}', 'db8130cd-6482-4ec6-8a40-69231650e84e', '9013C327-1190-4875-A92A-83ACA9029160', 'Transfers to other banks in Bahrain', 'Transfers to other banks in Bahrain', 'radio button', 'SYSTEM'), ('SYSTEM', 'aec2366e-2941-407b-8025-1d0238647046', '{required: true}', 'db8130cd-6482-4ec6-8a40-69231650e84e', '9013C327-1190-4875-A92A-83ACA9029160', 'Incoming International Transfers', 'Incoming International Transfers', 'radio button', 'SYSTEM'), ('SYSTEM', '169a4449-06f8-4e9c-95dc-ae271f1c46db', '{required: true}', 'db8130cd-6482-4ec6-8a40-69231650e84e', '9013C327-1190-4875-A92A-83ACA9029160', 'Outgoing International Transfers', 'Outgoing International Transfers', 'radio button', 'SYSTEM');

insert into [CMP_OPTION] ([created_by], [id], [name], [name_ar], [question_id], [tenant_id], [updated_by]) values ('SYSTEM', 'e35e50f2-b518-4af3-9306-29a4acae0046', 'TRUE', 'TRUE', 'ee2bf349-2e22-4f89-a141-a698c798ade5', '9013C327-1190-4875-A92A-83ACA9029160', 'SYSTEM'), ('SYSTEM', '2fd3fc06-df0a-4099-ac3e-f0831df2f80b', 'FALSE', 'FALSE', 'ee2bf349-2e22-4f89-a141-a698c798ade5', '9013C327-1190-4875-A92A-83ACA9029160', 'SYSTEM'), ('SYSTEM', '2bf74935-b1ee-4bba-b277-4f629db06378', 'TEXT', 'TEXT', '78d96294-d326-4924-9b1f-3c77bf9afca9', '9013C327-1190-4875-A92A-83ACA9029160', 'SYSTEM'), ('SYSTEM', 'fa34f086-39ea-4dd9-88fb-7f2020bfc65c', 'TEXT', 'TEXT', 'b2d7034e-35eb-4d1e-95a4-4eb0052869e1', '9013C327-1190-4875-A92A-83ACA9029160', 'SYSTEM'), ('SYSTEM', '343658e5-3993-4960-a1c2-c7acc291764d', 'TEXT', 'TEXT', 'ba777c60-9187-4f55-b522-1ee2b6c2a356', '9013C327-1190-4875-A92A-83ACA9029160', 'SYSTEM'), ('SYSTEM', '50b5e64b-e3b4-4ca7-91ab-3970c258401f', 'TEXT', 'TEXT', 'bd05e64c-fb5e-4710-aefa-b632f0132bdd', '9013C327-1190-4875-A92A-83ACA9029160', 'SYSTEM'), ('SYSTEM', 'ef8bb932-f066-4986-bf99-ee0b7f7571bf', 'TEXT', 'TEXT', 'd088d793-66f8-4e15-91c4-4cc2baa6ff6b', '9013C327-1190-4875-A92A-83ACA9029160', 'SYSTEM'), ('SYSTEM', '1dd294ea-4c65-4e46-88ca-a0031c738f72', 'TEXT', 'TEXT', '86791a98-89dc-48cb-997a-132763070c02', '9013C327-1190-4875-A92A-83ACA9029160', 'SYSTEM'), ('SYSTEM', '73f40b3f-6097-4e4e-940b-20f53f3e718d', 'High', 'High', 'aea428c2-76af-4083-8a88-5169d5c8f772', '9013C327-1190-4875-A92A-83ACA9029160', 'SYSTEM'), ('SYSTEM', 'd7800412-49e8-4aa1-81bc-99f65da98343', 'Low', 'Low', 'aea428c2-76af-4083-8a88-5169d5c8f772', '9013C327-1190-4875-A92A-83ACA9029160', 'SYSTEM'), ('SYSTEM', '0b235706-ce22-447e-b4ea-81e16c6d0b92', 'High', 'High', 'eb306af9-ce57-4789-b981-ece85fcbd05e', '9013C327-1190-4875-A92A-83ACA9029160', 'SYSTEM'), ('SYSTEM', 'ce834e3a-a559-4594-b33f-aea839d25900', 'Low', 'Low', 'eb306af9-ce57-4789-b981-ece85fcbd05e', '9013C327-1190-4875-A92A-83ACA9029160', 'SYSTEM'), ('SYSTEM', '790ac8f5-11a6-406d-a632-dd190b9754a2', 'High', 'High', 'a4b21a27-df28-42c8-9ff9-abcfb5d99227', '9013C327-1190-4875-A92A-83ACA9029160', 'SYSTEM'), ('SYSTEM', '2b28e68e-126a-481c-a375-3f7daf095aa9', 'Low', 'Low', 'a4b21a27-df28-42c8-9ff9-abcfb5d99227', '9013C327-1190-4875-A92A-83ACA9029160', 'SYSTEM'), ('SYSTEM', '02636fdc-7b13-4e24-bdb9-64e0975d1cb0', 'High', 'High', 'c37e8d30-e06c-4fc4-858a-222719e415c7', '9013C327-1190-4875-A92A-83ACA9029160', 'SYSTEM'), ('SYSTEM', '6eb7578f-b315-4b4d-84e4-255d71efebf5', 'Low', 'Low', 'c37e8d30-e06c-4fc4-858a-222719e415c7', '9013C327-1190-4875-A92A-83ACA9029160', 'SYSTEM'), ('SYSTEM', 'cfd14622-7121-4dbb-8c9d-91aeaf1b8870', 'High', 'High', '98dc620e-1454-4e9f-9422-8f2596b96013', '9013C327-1190-4875-A92A-83ACA9029160', 'SYSTEM'), ('SYSTEM', '2d4efda8-8277-4bbc-8d3b-08b47439f808', 'Low', 'Low', '98dc620e-1454-4e9f-9422-8f2596b96013', '9013C327-1190-4875-A92A-83ACA9029160', 'SYSTEM'), ('SYSTEM', '3b4daa8a-c490-42e9-a32d-a710d8ee5e6f', 'High', 'High', 'aec2366e-2941-407b-8025-1d0238647046', '9013C327-1190-4875-A92A-83ACA9029160', 'SYSTEM'), ('SYSTEM', 'b75ce12a-041c-4677-979c-32c8fd451dca', 'Low', 'Low', 'aec2366e-2941-407b-8025-1d0238647046', '9013C327-1190-4875-A92A-83ACA9029160', 'SYSTEM'), ('SYSTEM', 'f31c6902-b8c6-440a-b045-ac5716c62261', 'High', 'High', '169a4449-06f8-4e9c-95dc-ae271f1c46db', '9013C327-1190-4875-A92A-83ACA9029160', 'SYSTEM'), ('SYSTEM', '2fefef04-d97d-48e0-ae2e-954b4d513184', 'Low', 'Low', '169a4449-06f8-4e9c-95dc-ae271f1c46db', '9013C327-1190-4875-A92A-83ACA9029160', 'SYSTEM');




