/* [Rubix | Entitlement Service] - 01_seed_modules_and_permissions.ts */;
delete from [ENT_MODULE_PERMISSION];select @@rowcount;

delete from [ENT_PERMISSION];select @@rowcount;

delete from [ENT_MODULE];select @@rowcount;

insert into [ENT_MODULE] ([created_by], [id], [name], [parent_id], [slug], [status]) values ('SYSTEM', '42198b44-2cd1-474a-8062-8fea558f8502', 'Entitlement', NULL, 'entitlement', 'ACTIVE'), ('SYSTEM', 'e6baab97-7400-457b-a1a6-42c0e6fba405', 'User Management', '42198b44-2cd1-474a-8062-8fea558f8502', 'users', 'ACTIVE'), ('SYSTEM', '030942e3-60bf-4042-b062-7e73bc464e9b', 'Role Management', '42198b44-2cd1-474a-8062-8fea558f8502', 'roles', 'ACTIVE'), ('SYSTEM', '1244140e-1374-48db-a152-40a2cb879125', 'Calender', NULL, 'calender', 'ACTIVE'), ('SYSTEM', '22db2d5a-522c-4e70-b252-15dcbedd0a4e', 'Working Week', '1244140e-1374-48db-a152-40a2cb879125', 'working-days', 'ACTIVE'), ('SYSTEM', 'ad34d658-3363-4a56-aa47-6057514db517', 'Holidays', '1244140e-1374-48db-a152-40a2cb879125', 'holidays', 'ACTIVE'), ('SYSTEM', '0ce93c19-74b3-4b41-84eb-01c8e659ab79', 'Leaves', '1244140e-1374-48db-a152-40a2cb879125', 'leaves', 'ACTIVE'), ('SYSTEM', '15ab061d-7d7f-4ab3-b191-1d018c60d140', 'Agent Portal', NULL, 'agent-portal', 'ACTIVE'), ('SYSTEM', '76c5a887-8d0d-4b3e-88ec-b04b42daa52c', 'Video', '15ab061d-7d7f-4ab3-b191-1d018c60d140', 'video', 'ACTIVE'), ('SYSTEM', 'd801dc70-7b96-4d26-be92-667706e34c25', 'Customers', '15ab061d-7d7f-4ab3-b191-1d018c60d140', 'customers', 'ACTIVE');

insert into [ENT_PERMISSION] ([created_by], [id], [record_type]) values ('SYSTEM', 'b3c51c63-d3bf-4da0-955c-7a4d4e22f9bb', 'view'), ('SYSTEM', 'f8fb8fbe-87b2-47e0-81cf-e39f0fde5dcc', 'view'), ('SYSTEM', '5e5516f9-fe07-4253-a78c-d40fe6793346', 'edit'), ('SYSTEM', '49d2b3af-4e05-46f7-9481-6cc0e97e5207', 'delete'), ('SYSTEM', 'cfdbe05c-276f-43a6-bc3f-f3368878435f', 'create'), ('SYSTEM', 'ad06dccf-95be-4b77-af6b-7a33d0cca366', 'view'), ('SYSTEM', '8ff86421-ed46-4125-8685-1ec6c599b461', 'edit'), ('SYSTEM', '541c4e9b-33be-4d88-bd2e-2f2ed42b99de', 'delete'), ('SYSTEM', '8078f000-c773-4d50-9374-7b1e7665780a', 'create'), ('SYSTEM', '6f0625d2-df84-4381-a029-d8653b989450', 'view'), ('SYSTEM', 'eb14457d-ec5e-4707-beef-369ce0cfbafc', 'view'), ('SYSTEM', '348b0c95-3eca-4e75-947d-b6956d06daef', 'edit'), ('SYSTEM', '85e16690-58e6-4aba-9444-af3e0dc0a24a', 'delete'), ('SYSTEM', '6cca7454-5bff-4640-853d-b3005ec48d15', 'create'), ('SYSTEM', '4c4f27e9-cdc5-4ef5-8f2e-d05c3953be30', 'view'), ('SYSTEM', '2e671162-c922-4c81-a67e-051cf99a38fa', 'edit'), ('SYSTEM', '52fb41b3-92ba-4627-ab8c-a92c83e4d682', 'delete'), ('SYSTEM', '290c505e-3916-4dab-9afe-4ed8fa461916', 'create'), ('SYSTEM', 'f7483b28-fd88-42ca-9ce5-84acca4e456b', 'view'), ('SYSTEM', '4fd30daf-ac49-4797-b28e-9188ce19deb1', 'edit'), ('SYSTEM', 'd935d805-cc10-45a3-8f42-b2c901c139a9', 'delete'), ('SYSTEM', 'c9b52409-b400-4fa9-a76f-fe43f818e987', 'create'), ('SYSTEM', '70f87bca-5fc6-4879-acda-774a9d6400d1', 'view'), ('SYSTEM', 'f5ba56f5-6cd7-4ea7-8ce5-a7f5dd51c893', 'view'), ('SYSTEM', '55f2ed81-a9f3-4059-9efb-7a0f5f8ed256', 'attend'), ('SYSTEM', '90841142-b728-49d2-904b-187809a51fc6', 'view'), ('SYSTEM', 'ce162845-6dcc-4575-86cd-f7f0c7a20ce2', 'edit');

insert into [ENT_MODULE_PERMISSION] ([created_by], [module_id], [permission_id]) values ('SYSTEM', '42198b44-2cd1-474a-8062-8fea558f8502', 'b3c51c63-d3bf-4da0-955c-7a4d4e22f9bb'), ('SYSTEM', 'e6baab97-7400-457b-a1a6-42c0e6fba405', 'f8fb8fbe-87b2-47e0-81cf-e39f0fde5dcc'), ('SYSTEM', 'e6baab97-7400-457b-a1a6-42c0e6fba405', '5e5516f9-fe07-4253-a78c-d40fe6793346'), ('SYSTEM', 'e6baab97-7400-457b-a1a6-42c0e6fba405', '49d2b3af-4e05-46f7-9481-6cc0e97e5207'), ('SYSTEM', 'e6baab97-7400-457b-a1a6-42c0e6fba405', 'cfdbe05c-276f-43a6-bc3f-f3368878435f'), ('SYSTEM', '030942e3-60bf-4042-b062-7e73bc464e9b', 'ad06dccf-95be-4b77-af6b-7a33d0cca366'), ('SYSTEM', '030942e3-60bf-4042-b062-7e73bc464e9b', '8ff86421-ed46-4125-8685-1ec6c599b461'), ('SYSTEM', '030942e3-60bf-4042-b062-7e73bc464e9b', '541c4e9b-33be-4d88-bd2e-2f2ed42b99de'), ('SYSTEM', '030942e3-60bf-4042-b062-7e73bc464e9b', '8078f000-c773-4d50-9374-7b1e7665780a'), ('SYSTEM', '1244140e-1374-48db-a152-40a2cb879125', '6f0625d2-df84-4381-a029-d8653b989450'), ('SYSTEM', '22db2d5a-522c-4e70-b252-15dcbedd0a4e', 'eb14457d-ec5e-4707-beef-369ce0cfbafc'), ('SYSTEM', '22db2d5a-522c-4e70-b252-15dcbedd0a4e', '348b0c95-3eca-4e75-947d-b6956d06daef'), ('SYSTEM', '22db2d5a-522c-4e70-b252-15dcbedd0a4e', '85e16690-58e6-4aba-9444-af3e0dc0a24a'), ('SYSTEM', '22db2d5a-522c-4e70-b252-15dcbedd0a4e', '6cca7454-5bff-4640-853d-b3005ec48d15'), ('SYSTEM', 'ad34d658-3363-4a56-aa47-6057514db517', '4c4f27e9-cdc5-4ef5-8f2e-d05c3953be30'), ('SYSTEM', 'ad34d658-3363-4a56-aa47-6057514db517', '2e671162-c922-4c81-a67e-051cf99a38fa'), ('SYSTEM', 'ad34d658-3363-4a56-aa47-6057514db517', '52fb41b3-92ba-4627-ab8c-a92c83e4d682'), ('SYSTEM', 'ad34d658-3363-4a56-aa47-6057514db517', '290c505e-3916-4dab-9afe-4ed8fa461916'), ('SYSTEM', '0ce93c19-74b3-4b41-84eb-01c8e659ab79', 'f7483b28-fd88-42ca-9ce5-84acca4e456b'), ('SYSTEM', '0ce93c19-74b3-4b41-84eb-01c8e659ab79', '4fd30daf-ac49-4797-b28e-9188ce19deb1'), ('SYSTEM', '0ce93c19-74b3-4b41-84eb-01c8e659ab79', 'd935d805-cc10-45a3-8f42-b2c901c139a9'), ('SYSTEM', '0ce93c19-74b3-4b41-84eb-01c8e659ab79', 'c9b52409-b400-4fa9-a76f-fe43f818e987'), ('SYSTEM', '15ab061d-7d7f-4ab3-b191-1d018c60d140', '70f87bca-5fc6-4879-acda-774a9d6400d1'), ('SYSTEM', '76c5a887-8d0d-4b3e-88ec-b04b42daa52c', 'f5ba56f5-6cd7-4ea7-8ce5-a7f5dd51c893'), ('SYSTEM', '76c5a887-8d0d-4b3e-88ec-b04b42daa52c', '55f2ed81-a9f3-4059-9efb-7a0f5f8ed256'), ('SYSTEM', 'd801dc70-7b96-4d26-be92-667706e34c25', '90841142-b728-49d2-904b-187809a51fc6'), ('SYSTEM', 'd801dc70-7b96-4d26-be92-667706e34c25', 'ce162845-6dcc-4575-86cd-f7f0c7a20ce2');




/* [Rubix | Entitlement Service] - 02_seed_super_admin.ts */;
delete from [ENT_ROLE];select @@rowcount;

delete from [ENT_USER];select @@rowcount;

insert into [ENT_USER] ([created_by], [date_of_birth], [email], [first_name], [id], [is_owner], [last_name], [password_digest], [status], [tenant_id], [updated_by]) values ('SYSTEM', '1970-01-01', 'admin@rubix.com', 'john', '0d80d3b7-664d-4ef4-8bf1-0f40d3f57ea4', 1, 'doe', '$2b$10$F1rbUkfVYVBlvDgsHuttaOb2ekp9HOmfoyVZmWXxw8flbSlu.8HLm', 'ACTIVE', '9013C327-1190-4875-A92A-83ACA9029160', 'SYSTEM');

insert into [ENT_ROLE] ([created_by], [id], [name], [status], [tenant_id], [updated_by]) values ('SYSTEM', '0e1e1a89-94d3-4e8f-8cd1-c6808f3eac32', 'SUPER ADMIN', 'ACTIVE', '9013C327-1190-4875-A92A-83ACA9029160', 'SYSTEM');

insert into [ENT_USER_ROLE] ([role_id], [user_id]) values ('0e1e1a89-94d3-4e8f-8cd1-c6808f3eac32', '0d80d3b7-664d-4ef4-8bf1-0f40d3f57ea4');

INSERT INTO [ENT_MODULE_PERMISSION_ROLE] ([role_id], [module_permission_id]) (SELECT '0e1e1a89-94d3-4e8f-8cd1-c6808f3eac32', id FROM [ENT_MODULE_PERMISSION]);




