/* [Rubix | Entitlement Service] - 01_seed_modules_and_permissions.ts */;
delete from [ENT_MODULE_PERMISSION];select @@rowcount;

delete from [ENT_PERMISSION];select @@rowcount;

delete from [ENT_MODULE];select @@rowcount;

insert into [ENT_MODULE] ([created_by], [id], [name], [parent_id], [slug], [status], [updated_by]) values ('SYSTEM', 'f9858f73-39cd-429e-81f4-8b9a3f6aacaa', 'Entitlement', NULL, 'entitlement', 'ACTIVE', 'SYSTEM'), ('SYSTEM', '0329f251-04c6-4719-acd5-3f3570b94640', 'User Management', 'f9858f73-39cd-429e-81f4-8b9a3f6aacaa', 'users', 'ACTIVE', 'SYSTEM'), ('SYSTEM', '38a2f60e-cdf4-4529-882a-23abb3ed4459', 'Role Management', 'f9858f73-39cd-429e-81f4-8b9a3f6aacaa', 'roles', 'ACTIVE', 'SYSTEM'), ('SYSTEM', 'bd028c7e-ca4f-4426-977e-6fedc667f318', 'Calender', NULL, 'calender', 'ACTIVE', 'SYSTEM'), ('SYSTEM', '28074d27-b061-447e-9eb6-160cb9dc4446', 'Working Week', 'bd028c7e-ca4f-4426-977e-6fedc667f318', 'working-days', 'ACTIVE', 'SYSTEM'), ('SYSTEM', '9065d7fe-5a99-4941-b3c2-a7fefe1c9090', 'Holidays', 'bd028c7e-ca4f-4426-977e-6fedc667f318', 'holidays', 'ACTIVE', 'SYSTEM'), ('SYSTEM', '442f5d10-dfec-4585-8c28-8c8ff41ee57e', 'Leaves', 'bd028c7e-ca4f-4426-977e-6fedc667f318', 'leaves', 'ACTIVE', 'SYSTEM'), ('SYSTEM', 'ca764fb7-135d-41c6-a7e2-fb63d0414519', 'Agent Portal', NULL, 'agent-portal', 'ACTIVE', 'SYSTEM'), ('SYSTEM', '63728205-a89b-441c-9c65-36e32c7c16aa', 'Video', 'ca764fb7-135d-41c6-a7e2-fb63d0414519', 'video', 'ACTIVE', 'SYSTEM'), ('SYSTEM', 'af71f637-4cff-4580-bc57-21f20515473e', 'Customers', 'ca764fb7-135d-41c6-a7e2-fb63d0414519', 'customers', 'ACTIVE', 'SYSTEM');

insert into [ENT_PERMISSION] ([created_by], [id], [record_type], [updated_by]) values ('SYSTEM', '3682c646-66be-4535-842e-e86e8326b8df', 'view', 'SYSTEM'), ('SYSTEM', '3dd5d79d-bba2-44f6-a502-0f13f6268164', 'view', 'SYSTEM'), ('SYSTEM', '6b64fe71-8689-40a4-8603-a1fda6ff1b9b', 'edit', 'SYSTEM'), ('SYSTEM', '31050935-1a57-470d-b599-40d059772811', 'delete', 'SYSTEM'), ('SYSTEM', '7f2e7d82-115e-489c-be3f-7eea255f0599', 'create', 'SYSTEM'), ('SYSTEM', 'b5e76840-e938-437b-9153-8628eac2eea8', 'view', 'SYSTEM'), ('SYSTEM', 'fb8d007d-9787-4aaf-bb25-29826c956867', 'edit', 'SYSTEM'), ('SYSTEM', 'df42525d-d9e6-4d93-a43f-d08c275362df', 'delete', 'SYSTEM'), ('SYSTEM', 'bc718f6d-fe4d-4596-908c-23a3a6a77172', 'create', 'SYSTEM'), ('SYSTEM', '4003a418-3b76-475c-a0af-4f046a5622d3', 'view', 'SYSTEM'), ('SYSTEM', 'deda424a-0166-4035-a482-132369177043', 'view', 'SYSTEM'), ('SYSTEM', 'f083e18d-d645-437a-ba27-dbfb605534f7', 'edit', 'SYSTEM'), ('SYSTEM', '22bfab99-3b3a-4bfd-93d8-c75b0d352cc6', 'delete', 'SYSTEM'), ('SYSTEM', '00d9ecc0-66e2-4d6e-8c9b-a6084cc5088c', 'create', 'SYSTEM'), ('SYSTEM', '632de425-d0b5-4772-972f-cc45c3a8d1b1', 'view', 'SYSTEM'), ('SYSTEM', 'f643cf5a-ebd3-416b-9d53-cd0e8d03a2f0', 'edit', 'SYSTEM'), ('SYSTEM', 'b6963759-e740-480d-87f4-75c401f4f3ef', 'delete', 'SYSTEM'), ('SYSTEM', '1bc39224-559a-4acc-b334-bab69275ddc9', 'create', 'SYSTEM'), ('SYSTEM', '63700b05-05d8-4abd-8882-43232c654bf7', 'view', 'SYSTEM'), ('SYSTEM', 'a28df33b-599e-4306-bc1a-45c7ecb06d89', 'edit', 'SYSTEM'), ('SYSTEM', 'c5e805e6-e087-4825-a1a4-791595423dac', 'delete', 'SYSTEM'), ('SYSTEM', '0418f7e2-f7fc-4e08-8219-cc792bbd7176', 'create', 'SYSTEM'), ('SYSTEM', 'c95898a6-1344-4920-82db-57059666cd6f', 'view', 'SYSTEM'), ('SYSTEM', '585de559-dbc8-418a-9c93-b616433cebe3', 'view', 'SYSTEM'), ('SYSTEM', 'ae332590-bf17-4892-9986-77620dfc98f9', 'attend', 'SYSTEM'), ('SYSTEM', 'f65528ce-9a68-4ee6-aaff-ec75faf23ae2', 'view', 'SYSTEM'), ('SYSTEM', 'd37ff6c5-1a6d-491e-8cb6-c2e6ee5ed680', 'edit', 'SYSTEM');

insert into [ENT_MODULE_PERMISSION] ([created_by], [module_id], [permission_id], [updated_by]) values ('SYSTEM', 'f9858f73-39cd-429e-81f4-8b9a3f6aacaa', '3682c646-66be-4535-842e-e86e8326b8df', 'SYSTEM'), ('SYSTEM', '0329f251-04c6-4719-acd5-3f3570b94640', '3dd5d79d-bba2-44f6-a502-0f13f6268164', 'SYSTEM'), ('SYSTEM', '0329f251-04c6-4719-acd5-3f3570b94640', '6b64fe71-8689-40a4-8603-a1fda6ff1b9b', 'SYSTEM'), ('SYSTEM', '0329f251-04c6-4719-acd5-3f3570b94640', '31050935-1a57-470d-b599-40d059772811', 'SYSTEM'), ('SYSTEM', '0329f251-04c6-4719-acd5-3f3570b94640', '7f2e7d82-115e-489c-be3f-7eea255f0599', 'SYSTEM'), ('SYSTEM', '38a2f60e-cdf4-4529-882a-23abb3ed4459', 'b5e76840-e938-437b-9153-8628eac2eea8', 'SYSTEM'), ('SYSTEM', '38a2f60e-cdf4-4529-882a-23abb3ed4459', 'fb8d007d-9787-4aaf-bb25-29826c956867', 'SYSTEM'), ('SYSTEM', '38a2f60e-cdf4-4529-882a-23abb3ed4459', 'df42525d-d9e6-4d93-a43f-d08c275362df', 'SYSTEM'), ('SYSTEM', '38a2f60e-cdf4-4529-882a-23abb3ed4459', 'bc718f6d-fe4d-4596-908c-23a3a6a77172', 'SYSTEM'), ('SYSTEM', 'bd028c7e-ca4f-4426-977e-6fedc667f318', '4003a418-3b76-475c-a0af-4f046a5622d3', 'SYSTEM'), ('SYSTEM', '28074d27-b061-447e-9eb6-160cb9dc4446', 'deda424a-0166-4035-a482-132369177043', 'SYSTEM'), ('SYSTEM', '28074d27-b061-447e-9eb6-160cb9dc4446', 'f083e18d-d645-437a-ba27-dbfb605534f7', 'SYSTEM'), ('SYSTEM', '28074d27-b061-447e-9eb6-160cb9dc4446', '22bfab99-3b3a-4bfd-93d8-c75b0d352cc6', 'SYSTEM'), ('SYSTEM', '28074d27-b061-447e-9eb6-160cb9dc4446', '00d9ecc0-66e2-4d6e-8c9b-a6084cc5088c', 'SYSTEM'), ('SYSTEM', '9065d7fe-5a99-4941-b3c2-a7fefe1c9090', '632de425-d0b5-4772-972f-cc45c3a8d1b1', 'SYSTEM'), ('SYSTEM', '9065d7fe-5a99-4941-b3c2-a7fefe1c9090', 'f643cf5a-ebd3-416b-9d53-cd0e8d03a2f0', 'SYSTEM'), ('SYSTEM', '9065d7fe-5a99-4941-b3c2-a7fefe1c9090', 'b6963759-e740-480d-87f4-75c401f4f3ef', 'SYSTEM'), ('SYSTEM', '9065d7fe-5a99-4941-b3c2-a7fefe1c9090', '1bc39224-559a-4acc-b334-bab69275ddc9', 'SYSTEM'), ('SYSTEM', '442f5d10-dfec-4585-8c28-8c8ff41ee57e', '63700b05-05d8-4abd-8882-43232c654bf7', 'SYSTEM'), ('SYSTEM', '442f5d10-dfec-4585-8c28-8c8ff41ee57e', 'a28df33b-599e-4306-bc1a-45c7ecb06d89', 'SYSTEM'), ('SYSTEM', '442f5d10-dfec-4585-8c28-8c8ff41ee57e', 'c5e805e6-e087-4825-a1a4-791595423dac', 'SYSTEM'), ('SYSTEM', '442f5d10-dfec-4585-8c28-8c8ff41ee57e', '0418f7e2-f7fc-4e08-8219-cc792bbd7176', 'SYSTEM'), ('SYSTEM', 'ca764fb7-135d-41c6-a7e2-fb63d0414519', 'c95898a6-1344-4920-82db-57059666cd6f', 'SYSTEM'), ('SYSTEM', '63728205-a89b-441c-9c65-36e32c7c16aa', '585de559-dbc8-418a-9c93-b616433cebe3', 'SYSTEM'), ('SYSTEM', '63728205-a89b-441c-9c65-36e32c7c16aa', 'ae332590-bf17-4892-9986-77620dfc98f9', 'SYSTEM'), ('SYSTEM', 'af71f637-4cff-4580-bc57-21f20515473e', 'f65528ce-9a68-4ee6-aaff-ec75faf23ae2', 'SYSTEM'), ('SYSTEM', 'af71f637-4cff-4580-bc57-21f20515473e', 'd37ff6c5-1a6d-491e-8cb6-c2e6ee5ed680', 'SYSTEM');




